-- phpMyAdmin SQL Dump
-- version 5.1.1
-- https://www.phpmyadmin.net/
--
-- Host: localhost:3306
-- Generation Time: Jul 16, 2021 at 01:37 PM
-- Server version: 5.7.33
-- PHP Version: 7.4.19

SET SQL_MODE = "NO_AUTO_VALUE_ON_ZERO";
START TRANSACTION;
SET time_zone = "+00:00";


/*!40101 SET @OLD_CHARACTER_SET_CLIENT=@@CHARACTER_SET_CLIENT */;
/*!40101 SET @OLD_CHARACTER_SET_RESULTS=@@CHARACTER_SET_RESULTS */;
/*!40101 SET @OLD_COLLATION_CONNECTION=@@COLLATION_CONNECTION */;
/*!40101 SET NAMES utf8mb4 */;

--
-- Database: `fyp`
--

-- --------------------------------------------------------

--
-- Table structure for table `admin`
--

CREATE TABLE `admin` (
  `adminid` int(10) NOT NULL,
  `adminname` varchar(25) NOT NULL,
  `loginid` varchar(25) NOT NULL,
  `password` varchar(25) NOT NULL,
  `status` varchar(10) NOT NULL
) ENGINE=InnoDB DEFAULT CHARSET=latin1;

--
-- Dumping data for table `admin`
--

INSERT INTO `admin` (`adminid`, `adminname`, `loginid`, `password`, `status`) VALUES
(1, 'Admin demo', 'admin', 'abcd1234', 'Active'),
(2, 'adminsatu', 'adminsatu', 'abcd1234', 'Active'),
(3, 'admindemo', 'admindemo', 'admindemo', 'Active');

-- --------------------------------------------------------

--
-- Table structure for table `appointment`
--

CREATE TABLE `appointment` (
  `appointmentid` int(10) NOT NULL,
  `patientid` int(10) NOT NULL,
  `departmentid` int(10) NOT NULL,
  `appointmentdate` date NOT NULL,
  `appointmenttime` time NOT NULL,
  `doctorid` int(10) NOT NULL,
  `status` varchar(10) NOT NULL,
  `app_reason` text NOT NULL
) ENGINE=InnoDB DEFAULT CHARSET=latin1;

--
-- Dumping data for table `appointment`
--

INSERT INTO `appointment` (`appointmentid`, `patientid`, `departmentid`, `appointmentdate`, `appointmenttime`, `doctorid`, `status`, `app_reason`) VALUES
(122, 1, 1, '2021-07-01', '00:13:00', 1, 'Approved', 'test 1'),
(123, 0, 1, '2021-06-22', '01:00:00', 1, 'Approved', 'gsdsdgf'),
(124, 1, 1, '2021-06-22', '15:19:00', 1, 'Approved', 'test 2'),
(125, 58, 1, '2021-07-13', '11:57:00', 1, 'Approved', 'kita try test'),
(126, 58, 1, '2021-07-16', '12:58:00', 1, 'Pending', 'okok'),
(127, 60, 4, '2021-07-17', '10:00:00', 3, 'Approved', 'demonstration');

-- --------------------------------------------------------

--
-- Table structure for table `billing_records`
--

CREATE TABLE `billing_records` (
  `billingservice_id` int(10) NOT NULL,
  `bill_type_id` int(10) NOT NULL COMMENT 'id of service charge or treatment charge',
  `bill_type` varchar(250) NOT NULL,
  `bill_amount` float(10,2) NOT NULL,
  `bill_date` date NOT NULL,
  `status` varchar(10) NOT NULL
) ENGINE=InnoDB DEFAULT CHARSET=latin1;

--
-- Dumping data for table `billing_records`
--

INSERT INTO `billing_records` (`billingservice_id`, `bill_type_id`, `bill_type`, `bill_amount`, `bill_date`, `status`) VALUES
(205, 1, 'Consultancy Charge', 100.00, '2021-06-16', 'Active'),
(206, 1, 'Treatment', 450.00, '2021-06-16', 'Active'),
(207, 2, 'Treatment', 20000.00, '2021-06-19', 'Active');

-- --------------------------------------------------------

--
-- Table structure for table `department`
--

CREATE TABLE `department` (
  `departmentid` int(10) NOT NULL,
  `departmentname` varchar(100) NOT NULL,
  `description` text NOT NULL,
  `status` varchar(10) NOT NULL
) ENGINE=InnoDB DEFAULT CHARSET=latin1;

--
-- Dumping data for table `department`
--

INSERT INTO `department` (`departmentid`, `departmentname`, `description`, `status`) VALUES
(1, 'General', 'General dentistry involves the use of various dental services which allow your dentist to diagnose, treat and prevent harmful oral conditions. These services are performed to enhance your overall health and well-being....', 'Active'),
(2, 'Prosthodontic', 'Specialized in the diagnosis, treatment, rehabilitation and maintenance of patients with missing or defficient teeth, using solutions like dentures.', 'Active'),
(3, 'Cosmetic', 'Focus on improving the appearance of the teeth, using technics like teeth whitening or dental veneers.', 'Active'),
(4, 'Pediatric', 'Oral Healthcare is specially important during the first years, as the mouth, as the mouth is being developed. We are specialized in children oral Healthcare.', 'Active'),
(5, 'Maxillofacial', 'Our maxillofacial surgeons are specialized in surgery of the face, mouth, and jaws. We provide oral and maxillofacial surgery procedures such as dental implantology, removal of wisdom teeth, bone grafting link, maxillary sinus lift among others.', 'Active'),
(6, 'Implantology', 'Dental implants and tooth restoration.', 'Active'),
(7, 'Orthodontic', 'Diagnosis, prevention and correction of irregularities and malpositioned teeth and the jaws, like alignment or occlusions. We use different technques such as the use of braces or Invisalign®, a clear more aesthetic alternative to metal braces.', 'Active');

-- --------------------------------------------------------

--
-- Table structure for table `doctor`
--

CREATE TABLE `doctor` (
  `doctorid` int(10) NOT NULL,
  `doctorname` varchar(50) NOT NULL,
  `mobileno` varchar(15) NOT NULL,
  `departmentid` int(10) NOT NULL,
  `loginid` varchar(25) NOT NULL,
  `password` varchar(25) NOT NULL,
  `status` varchar(10) NOT NULL,
  `education` varchar(25) NOT NULL,
  `experience` float(11,1) NOT NULL,
  `consultancy_charge` float(10,2) NOT NULL
) ENGINE=InnoDB DEFAULT CHARSET=latin1;

--
-- Dumping data for table `doctor`
--

INSERT INTO `doctor` (`doctorid`, `doctorname`, `mobileno`, `departmentid`, `loginid`, `password`, `status`, `education`, `experience`, `consultancy_charge`) VALUES
(1, 'Farhan Afandi', '0166193227', 1, 'farhan', '123456789', 'active', 'Oxford', 6.0, 100.00),
(2, 'doctordua', '0166193227', 2, 'doctordua', 'doctordua', 'Active', 'Oxford', 4.0, 100.00),
(3, 'doctordemo', '0166193227', 4, 'doctordemo', 'doctordemo', 'Active', 'Oxford', 4.0, 50.00);

-- --------------------------------------------------------

--
-- Table structure for table `doctor_timings`
--

CREATE TABLE `doctor_timings` (
  `doctor_timings_id` int(10) NOT NULL,
  `doctorid` int(10) NOT NULL,
  `start_time` time NOT NULL,
  `end_time` time NOT NULL,
  `available_day` varchar(15) DEFAULT NULL,
  `status` varchar(10) NOT NULL
) ENGINE=InnoDB DEFAULT CHARSET=latin1;

--
-- Dumping data for table `doctor_timings`
--

INSERT INTO `doctor_timings` (`doctor_timings_id`, `doctorid`, `start_time`, `end_time`, `available_day`, `status`) VALUES
(33, 1, '01:00:00', '13:00:00', 'Tuesday', 'Active'),
(35, 1, '13:00:00', '01:00:00', 'Monday', 'Active'),
(36, 1, '20:08:00', '21:08:00', 'Wednesday', 'Active');

-- --------------------------------------------------------

--
-- Table structure for table `medicine`
--

CREATE TABLE `medicine` (
  `medicineid` int(10) NOT NULL,
  `medicinename` varchar(25) NOT NULL,
  `medicinecost` float(10,2) NOT NULL,
  `description` text NOT NULL,
  `status` varchar(10) NOT NULL
) ENGINE=InnoDB DEFAULT CHARSET=latin1;

--
-- Dumping data for table `medicine`
--

INSERT INTO `medicine` (`medicineid`, `medicinename`, `medicinecost`, `description`, `status`) VALUES
(1, 'A', 20.00, 'test abc', 'Active'),
(3, 'B', 25.00, 'test abc', 'Active'),
(4, 'C', 50.00, 'test abc', 'Active'),
(5, 'D', 30.00, 'test abc', 'Active'),
(6, 'E', 50.00, 'hnghng', 'Active');

-- --------------------------------------------------------

--
-- Table structure for table `nurse`
--

CREATE TABLE `nurse` (
  `nurseid` int(10) NOT NULL,
  `nursename` varchar(50) NOT NULL,
  `mobileno` varchar(15) NOT NULL,
  `departmentid` int(10) NOT NULL,
  `loginid` varchar(25) NOT NULL,
  `password` varchar(25) NOT NULL,
  `status` varchar(10) NOT NULL,
  `education` varchar(25) NOT NULL,
  `experience` float(11,1) NOT NULL
) ENGINE=InnoDB DEFAULT CHARSET=latin1;

--
-- Dumping data for table `nurse`
--

INSERT INTO `nurse` (`nurseid`, `nursename`, `mobileno`, `departmentid`, `loginid`, `password`, `status`, `education`, `experience`) VALUES
(1, 'Nurse Satu', '0166193227', 1, 'nursesatu', 'abcd1234', 'Active', 'Oxford', 5.0),
(2, 'Nurse Dua', '0166193227', 2, 'nursedua', 'abcd1234', 'Active', 'Oxford', 4.0),
(3, 'nursedemo', '0166193227', 4, 'nursedemo', 'nursedemo', 'Active', 'harvard', 6.0);

-- --------------------------------------------------------

--
-- Table structure for table `patient`
--

CREATE TABLE `patient` (
  `patientid` int(10) NOT NULL,
  `patientname` varchar(50) NOT NULL,
  `address` varchar(250) NOT NULL,
  `mobileno` varchar(15) NOT NULL,
  `city` varchar(25) NOT NULL,
  `pincode` varchar(20) NOT NULL,
  `loginid` varchar(50) NOT NULL,
  `password` varchar(25) NOT NULL,
  `bloodgroup` varchar(20) NOT NULL,
  `gender` varchar(10) NOT NULL,
  `dob` date DEFAULT NULL,
  `status` varchar(10) NOT NULL
) ENGINE=InnoDB DEFAULT CHARSET=latin1;

--
-- Dumping data for table `patient`
--

INSERT INTO `patient` (`patientid`, `patientname`, `address`, `mobileno`, `city`, `pincode`, `loginid`, `password`, `bloodgroup`, `gender`, `dob`, `status`) VALUES
(1, 'Muhammad Farhan', '1434, Jalan BSS 2/4A', '0166193227', 'Seremban', '71450', 'paansplash', '123456789', 'B-', 'Male', '1998-06-29', 'Active'),
(58, 'Muhammad Farhan Afandi bin Abdul Razak', 'A-02-03A TAMARIND SQUARE\r\nPERSIARAN MULTIMEDIA', '0166193227', 'Cyberjaya', '63000', 'paansplash', '123456789', 'A-', 'MALE', '2021-06-14', 'Active'),
(59, 'patienttiga', '1434 Jalan BSS, 2/4A,\r\nBandar Seremban Selatan', '0166193227', 'Seremban', '71450', 'patienttiga', 'abcd1234', 'A-', 'MALE', '2021-07-15', 'Active'),
(60, 'patientdemo', 'A-02-03A TAMARIND SQUARE\r\nPERSIARAN MULTIMEDIA', '0166193227', 'Cyberjaya', '63000', 'patientdemo', 'abcd1234', 'O+', 'MALE', '2021-07-02', 'Active');

-- --------------------------------------------------------

--
-- Table structure for table `prescription`
--

CREATE TABLE `prescription` (
  `prescriptionid` int(10) NOT NULL,
  `treatment_records_id` int(10) NOT NULL,
  `doctorid` int(10) NOT NULL,
  `patientid` int(10) NOT NULL,
  `prescriptiondate` date NOT NULL,
  `status` varchar(10) NOT NULL,
  `appointmentid` int(10) NOT NULL
) ENGINE=InnoDB DEFAULT CHARSET=latin1;

--
-- Dumping data for table `prescription`
--

INSERT INTO `prescription` (`prescriptionid`, `treatment_records_id`, `doctorid`, `patientid`, `prescriptiondate`, `status`, `appointmentid`) VALUES
(100, 1, 1, 1, '2021-06-18', 'Active', 122),
(101, 2, 1, 1, '2021-01-01', 'Active', 124),
(102, 3, 1, 1, '2021-01-01', 'Active', 124),
(103, 3, 1, 1, '2021-07-12', 'Active', 124),
(104, 5, 3, 60, '2021-07-16', 'Active', 127);

-- --------------------------------------------------------

--
-- Table structure for table `prescription_records`
--

CREATE TABLE `prescription_records` (
  `prescription_record_id` int(10) NOT NULL,
  `prescription_id` int(10) NOT NULL,
  `medicine_name` varchar(25) NOT NULL,
  `cost` float(10,2) NOT NULL,
  `unit` int(10) NOT NULL,
  `dosage` varchar(25) NOT NULL,
  `status` varchar(10) NOT NULL
) ENGINE=InnoDB DEFAULT CHARSET=latin1;

--
-- Dumping data for table `prescription_records`
--

INSERT INTO `prescription_records` (`prescription_record_id`, `prescription_id`, `medicine_name`, `cost`, `unit`, `dosage`, `status`) VALUES
(151, 100, '1', 20.00, 1, '1-1-1', 'Active'),
(152, 101, '4', 50.00, 1, '1-0-1', 'Active'),
(153, 101, '1', 20.00, 1, '', 'Active'),
(154, 101, '6', 50.00, 1, '1-0-1', 'Active'),
(155, 102, '1', 20.00, 1, '0-1-1', 'Active'),
(156, 102, '5', 30.00, 1, '0-1-0', 'Active'),
(157, 104, '6', 50.00, 1, '1-0-1', 'Active');

-- --------------------------------------------------------

--
-- Table structure for table `treatment`
--

CREATE TABLE `treatment` (
  `treatmentid` int(10) NOT NULL,
  `treatmenttype` varchar(25) NOT NULL,
  `treatment_cost` decimal(10,2) NOT NULL,
  `note` text NOT NULL,
  `status` varchar(10) NOT NULL
) ENGINE=InnoDB DEFAULT CHARSET=latin1;

--
-- Dumping data for table `treatment`
--

INSERT INTO `treatment` (`treatmentid`, `treatmenttype`, `treatment_cost`, `note`, `status`) VALUES
(1, 'TreatmentOne', '450.00', 'test1', 'Active'),
(2, 'TreatmentTwo', '20000.00', 'test2', 'Active'),
(3, 'ThreatmentThree', '4000.00', 'test3', 'Active');

-- --------------------------------------------------------

--
-- Table structure for table `treatment_records`
--

CREATE TABLE `treatment_records` (
  `treatment_records_id` int(10) NOT NULL,
  `treatmentid` int(10) NOT NULL,
  `appointmentid` int(10) NOT NULL,
  `patientid` int(10) NOT NULL,
  `doctorid` int(10) NOT NULL,
  `treatment_description` text NOT NULL,
  `uploads` varchar(100) NOT NULL,
  `treatment_date` date NOT NULL,
  `treatment_time` time NOT NULL,
  `status` varchar(10) NOT NULL
) ENGINE=InnoDB DEFAULT CHARSET=latin1;

--
-- Dumping data for table `treatment_records`
--

INSERT INTO `treatment_records` (`treatment_records_id`, `treatmentid`, `appointmentid`, `patientid`, `doctorid`, `treatment_description`, `uploads`, `treatment_date`, `treatment_time`, `status`) VALUES
(1, 1, 122, 1, 1, 'test 1', '298196132', '2021-06-16', '07:26:00', 'Active'),
(2, 2, 124, 1, 1, 'asaa', '321527939', '2021-01-01', '01:00:00', 'Active'),
(3, 1, 124, 1, 1, 'asas', '795964969', '2021-02-01', '01:00:00', 'Active'),
(4, 2, 124, 1, 2, 'lol okay tak', '239210084', '2021-01-01', '01:00:00', 'Active'),
(5, 3, 127, 60, 3, 'demonstration', '1416495525', '2021-07-16', '10:40:00', 'Active');

--
-- Indexes for dumped tables
--

--
-- Indexes for table `admin`
--
ALTER TABLE `admin`
  ADD PRIMARY KEY (`adminid`),
  ADD UNIQUE KEY `adminname` (`adminname`);

--
-- Indexes for table `appointment`
--
ALTER TABLE `appointment`
  ADD PRIMARY KEY (`appointmentid`);

--
-- Indexes for table `billing_records`
--
ALTER TABLE `billing_records`
  ADD PRIMARY KEY (`billingservice_id`);

--
-- Indexes for table `department`
--
ALTER TABLE `department`
  ADD PRIMARY KEY (`departmentid`);

--
-- Indexes for table `doctor`
--
ALTER TABLE `doctor`
  ADD PRIMARY KEY (`doctorid`);

--
-- Indexes for table `doctor_timings`
--
ALTER TABLE `doctor_timings`
  ADD PRIMARY KEY (`doctor_timings_id`);

--
-- Indexes for table `medicine`
--
ALTER TABLE `medicine`
  ADD PRIMARY KEY (`medicineid`);

--
-- Indexes for table `nurse`
--
ALTER TABLE `nurse`
  ADD PRIMARY KEY (`nurseid`);

--
-- Indexes for table `patient`
--
ALTER TABLE `patient`
  ADD PRIMARY KEY (`patientid`),
  ADD KEY `loginid` (`loginid`);

--
-- Indexes for table `prescription`
--
ALTER TABLE `prescription`
  ADD PRIMARY KEY (`prescriptionid`);

--
-- Indexes for table `prescription_records`
--
ALTER TABLE `prescription_records`
  ADD PRIMARY KEY (`prescription_record_id`);

--
-- Indexes for table `treatment`
--
ALTER TABLE `treatment`
  ADD PRIMARY KEY (`treatmentid`);

--
-- Indexes for table `treatment_records`
--
ALTER TABLE `treatment_records`
  ADD PRIMARY KEY (`treatment_records_id`);

--
-- AUTO_INCREMENT for dumped tables
--

--
-- AUTO_INCREMENT for table `admin`
--
ALTER TABLE `admin`
  MODIFY `adminid` int(10) NOT NULL AUTO_INCREMENT, AUTO_INCREMENT=4;

--
-- AUTO_INCREMENT for table `appointment`
--
ALTER TABLE `appointment`
  MODIFY `appointmentid` int(10) NOT NULL AUTO_INCREMENT, AUTO_INCREMENT=128;

--
-- AUTO_INCREMENT for table `billing_records`
--
ALTER TABLE `billing_records`
  MODIFY `billingservice_id` int(10) NOT NULL AUTO_INCREMENT, AUTO_INCREMENT=208;

--
-- AUTO_INCREMENT for table `department`
--
ALTER TABLE `department`
  MODIFY `departmentid` int(10) NOT NULL AUTO_INCREMENT, AUTO_INCREMENT=8;

--
-- AUTO_INCREMENT for table `doctor`
--
ALTER TABLE `doctor`
  MODIFY `doctorid` int(10) NOT NULL AUTO_INCREMENT, AUTO_INCREMENT=4;

--
-- AUTO_INCREMENT for table `doctor_timings`
--
ALTER TABLE `doctor_timings`
  MODIFY `doctor_timings_id` int(10) NOT NULL AUTO_INCREMENT, AUTO_INCREMENT=37;

--
-- AUTO_INCREMENT for table `medicine`
--
ALTER TABLE `medicine`
  MODIFY `medicineid` int(10) NOT NULL AUTO_INCREMENT, AUTO_INCREMENT=7;

--
-- AUTO_INCREMENT for table `nurse`
--
ALTER TABLE `nurse`
  MODIFY `nurseid` int(10) NOT NULL AUTO_INCREMENT, AUTO_INCREMENT=4;

--
-- AUTO_INCREMENT for table `patient`
--
ALTER TABLE `patient`
  MODIFY `patientid` int(10) NOT NULL AUTO_INCREMENT, AUTO_INCREMENT=61;

--
-- AUTO_INCREMENT for table `prescription`
--
ALTER TABLE `prescription`
  MODIFY `prescriptionid` int(10) NOT NULL AUTO_INCREMENT, AUTO_INCREMENT=105;

--
-- AUTO_INCREMENT for table `prescription_records`
--
ALTER TABLE `prescription_records`
  MODIFY `prescription_record_id` int(10) NOT NULL AUTO_INCREMENT, AUTO_INCREMENT=158;

--
-- AUTO_INCREMENT for table `treatment`
--
ALTER TABLE `treatment`
  MODIFY `treatmentid` int(10) NOT NULL AUTO_INCREMENT, AUTO_INCREMENT=4;

--
-- AUTO_INCREMENT for table `treatment_records`
--
ALTER TABLE `treatment_records`
  MODIFY `treatment_records_id` int(10) NOT NULL AUTO_INCREMENT, AUTO_INCREMENT=6;
COMMIT;

/*!40101 SET CHARACTER_SET_CLIENT=@OLD_CHARACTER_SET_CLIENT */;
/*!40101 SET CHARACTER_SET_RESULTS=@OLD_CHARACTER_SET_RESULTS */;
/*!40101 SET COLLATION_CONNECTION=@OLD_COLLATION_CONNECTION */;
